{"cameraMode":{"drawMode":0,"name":"Shaded","section":"Shading Mode"},"sceneLighting":false,"audioPlay":false,"sceneViewState":{"m_AlwaysRefresh":false,"showFog":true,"showSkybox":false,"showFlares":true,"showImageEffects":true,"showParticleSystems":true,"showVisualEffectGraphs":true,"m_FxEnabled":true},"in2DMode":false,"pivot":{"x":0.9820286631584168,"y":0.07351777702569962,"z":0.845927357673645},"rotation":{"x":-0.002946443622931838,"y":-0.9563876986503601,"z":-0.009757958352565766,"w":0.29210522770881655},"size":0.010413309559226036,"orthographic":false}