{"cameraMode":{"drawMode":0,"name":"Shaded","section":"Shading Mode"},"sceneLighting":false,"audioPlay":false,"sceneViewState":{"m_AlwaysRefresh":false,"showFog":true,"showSkybox":false,"showFlares":true,"showImageEffects":true,"showParticleSystems":true,"showVisualEffectGraphs":true,"m_FxEnabled":true},"in2DMode":false,"pivot":{"x":-0.07058709859848023,"y":1.1360507011413575,"z":-0.6673722267150879},"rotation":{"x":-0.00046525459038093686,"y":0.9990221858024597,"z":0.04317590221762657,"w":0.010790180414915085},"size":2.4249274730682375,"orthographic":false}