{"cameraMode":{"drawMode":0,"name":"Shaded","section":"Shading Mode"},"sceneLighting":true,"audioPlay":false,"sceneViewState":{"m_AlwaysRefresh":false,"showFog":true,"showSkybox":true,"showFlares":true,"showImageEffects":true,"showParticleSystems":true,"showVisualEffectGraphs":true,"m_FxEnabled":true},"in2DMode":false,"pivot":{"x":-0.7053312063217163,"y":3.057154893875122,"z":1.1150412559509278},"rotation":{"x":0.0019472178537398577,"y":0.9656710624694824,"z":-0.25979459285736086,"w":0.007225929759442806},"size":4.593493938446045,"orthographic":false}