{"cameraMode":{"drawMode":0,"name":"Shaded","section":"Shading Mode"},"sceneLighting":true,"audioPlay":false,"sceneViewState":{"m_AlwaysRefresh":false,"showFog":true,"showSkybox":true,"showFlares":true,"showImageEffects":true,"showParticleSystems":true,"showVisualEffectGraphs":true,"m_FxEnabled":true},"in2DMode":false,"pivot":{"x":12.199767112731934,"y":-18.018198013305665,"z":-8.486446380615235},"rotation":{"x":0.0032798494212329389,"y":0.9506865739822388,"z":-0.3101027309894562,"w":0.009957383386790753},"size":40.78220748901367,"orthographic":false}