{"cameraMode":{"drawMode":0,"name":"Shaded","section":"Shading Mode"},"sceneLighting":true,"audioPlay":false,"sceneViewState":{"m_AlwaysRefresh":false,"showFog":true,"showSkybox":true,"showFlares":true,"showImageEffects":true,"showParticleSystems":true,"showVisualEffectGraphs":true,"m_FxEnabled":true},"in2DMode":false,"pivot":{"x":-7.331258773803711,"y":2.553142547607422,"z":-1.7833423614501954},"rotation":{"x":0.02359594963490963,"y":-0.9668262600898743,"z":0.23537716269493104,"w":0.09693501889705658},"size":32.096519470214847,"orthographic":false}