{"cameraMode":{"drawMode":0,"name":"Shaded","section":"Shading Mode"},"sceneLighting":true,"audioPlay":false,"sceneViewState":{"m_AlwaysRefresh":false,"showFog":true,"showSkybox":true,"showFlares":true,"showImageEffects":true,"showParticleSystems":true,"showVisualEffectGraphs":true,"m_FxEnabled":true},"in2DMode":false,"pivot":{"x":-18.464595794677736,"y":-0.2839488983154297,"z":6.231941223144531},"rotation":{"x":0.003853690344840288,"y":0.9429822564125061,"z":-0.3328339755535126,"w":0.011013942770659924},"size":10.272510528564454,"orthographic":false}