{"cameraMode":{"drawMode":0,"name":"Shaded","section":"Shading Mode"},"sceneLighting":false,"audioPlay":false,"sceneViewState":{"m_AlwaysRefresh":false,"showFog":true,"showSkybox":false,"showFlares":true,"showImageEffects":true,"showParticleSystems":true,"showVisualEffectGraphs":true,"m_FxEnabled":true},"in2DMode":false,"pivot":{"x":-45.68561935424805,"y":0.9217658042907715,"z":38.84393310546875},"rotation":{"x":-0.025289995595812799,"y":0.9369363188743591,"z":-0.34180396795272829,"w":-0.06929818540811539},"size":4.775150299072266,"orthographic":true}