{"cameraMode":{"drawMode":0,"name":"Shaded","section":"Shading Mode"},"sceneLighting":false,"audioPlay":false,"sceneViewState":{"m_AlwaysRefresh":false,"showFog":true,"showSkybox":false,"showFlares":true,"showImageEffects":true,"showParticleSystems":true,"showVisualEffectGraphs":true,"m_FxEnabled":true},"in2DMode":false,"pivot":{"x":-0.05027329921722412,"y":0.7736907005310059,"z":-0.7328450679779053},"rotation":{"x":0.008157228119671345,"y":0.9865966439247131,"z":-0.052152808755636218,"w":0.1548355668783188},"size":1.0233443975448609,"orthographic":false}