{"cameraMode":{"drawMode":0,"name":"Shaded","section":"Shading Mode"},"sceneLighting":false,"audioPlay":false,"sceneViewState":{"m_AlwaysRefresh":false,"showFog":true,"showSkybox":false,"showFlares":true,"showImageEffects":true,"showParticleSystems":true,"showVisualEffectGraphs":true,"m_FxEnabled":true},"in2DMode":false,"pivot":{"x":-46.743553161621097,"y":0.7490569353103638,"z":-31.138816833496095},"rotation":{"x":0.0049136970192193989,"y":0.986922025680542,"z":-0.15856918692588807,"w":0.030775321647524835},"size":2.2085840702056886,"orthographic":false}