{"cameraMode":{"drawMode":0,"name":"Shaded","section":"Shading Mode"},"sceneLighting":false,"audioPlay":false,"sceneViewState":{"m_AlwaysRefresh":false,"showFog":true,"showSkybox":false,"showFlares":true,"showImageEffects":true,"showParticleSystems":true,"showVisualEffectGraphs":true,"m_FxEnabled":true},"in2DMode":false,"pivot":{"x":-1.9407413005828858,"y":3.0544631481170656,"z":2.835118293762207},"rotation":{"x":-0.0008356281905435026,"y":0.9975014328956604,"z":-0.07074855268001557,"w":-0.010800189338624478},"size":0.5112419128417969,"orthographic":false}