{"cameraMode":{"drawMode":0,"name":"Shaded","section":"Shading Mode"},"sceneLighting":false,"audioPlay":false,"sceneViewState":{"m_AlwaysRefresh":false,"showFog":true,"showSkybox":false,"showFlares":true,"showImageEffects":true,"showParticleSystems":true,"showVisualEffectGraphs":true,"m_FxEnabled":true},"in2DMode":false,"pivot":{"x":-2.211214780807495,"y":3.378943920135498,"z":2.822000026702881},"rotation":{"x":-0.0008356281905435026,"y":0.9975014328956604,"z":-0.07074855268001557,"w":-0.010800189338624478},"size":0.350904256105423,"orthographic":false}