{"cameraMode":{"drawMode":0,"name":"Shaded","section":"Shading Mode"},"sceneLighting":false,"audioPlay":false,"sceneViewState":{"m_AlwaysRefresh":false,"showFog":true,"showSkybox":false,"showFlares":true,"showImageEffects":true,"showParticleSystems":true,"showVisualEffectGraphs":true,"m_FxEnabled":true},"in2DMode":false,"pivot":{"x":-13.288901329040528,"y":-17.674213409423829,"z":13.253328323364258},"rotation":{"x":0.3079259693622589,"y":-0.3193061351776123,"z":0.11057721823453903,"w":0.8894084095954895},"size":16.145092010498048,"orthographic":false}