{"cameraMode":{"drawMode":0,"name":"Shaded","section":"Shading Mode"},"sceneLighting":false,"audioPlay":false,"sceneViewState":{"m_AlwaysRefresh":false,"showFog":true,"showSkybox":false,"showFlares":true,"showImageEffects":true,"showParticleSystems":true,"showVisualEffectGraphs":true,"m_FxEnabled":true},"in2DMode":false,"pivot":{"x":726.0328979492188,"y":358.87091064453127,"z":-6.399214744567871},"rotation":{"x":-0.09613849967718125,"y":-0.022116554901003839,"z":0.002133792033419013,"w":-0.9951554536819458},"size":1.1089426279067994,"orthographic":false}